Gamma,Beta,Alpha,Theta,Delta
70.02033534,29.06719042,7.589678438,3.206705501,1.754777728
64.66317521,22.41311602,6.020040498,3.275781303,0.696320963
53.99846857,26.13053354,7.98533398,6.844052681,1.514231786
74.83952589,18.9302737,8.585283705,6.530094825,0.893503922
73.17876421,28.80561922,7.269508022,4.681906377,1.445977342
56.2936806,20.35184086,8.423051711,4.884482597,0.593963834
62.54159127,21.08641133,8.075392236,6.482115474,1.070732382
68.4874755,27.63191508,8.468155171,3.551650372,1.217195195
58.55160576,20.60810295,8.566186526,5.817215461,1.926605326
56.48738099,28.76659983,7.105063229,3.838850036,1.925586587
67.67099785,23.01626865,6.924994703,3.647133385,0.587507576
50.97475141,28.58694664,6.085962059,4.414091567,1.729278384
53.34598049,22.8329966,6.523005969,4.95201192,1.182570648
53.11206244,29.38607871,8.170099167,6.50965676,0.896103044
77.16797247,23.77113868,7.450772086,6.924761509,1.928809318
75.74724747,19.34033332,7.420371546,4.08153902,1.172791937
58.86365938,27.55493314,9.178906665,5.345462799,0.993478812
67.74235124,23.62584197,9.066297673,5.656027668,0.655332677
51.76770368,18.32422424,9.090658568,6.646649313,0.765868052
57.48168045,19.2991439,9.96136559,6.609683929,1.548181326
71.18036374,27.41517604,9.481712223,5.58225808,0.782691093
61.5073011,26.1848434,7.52280443,6.579918828,0.987327921
58.61692227,25.97922166,8.125803127,6.65205921,1.408660301
71.6484673,23.67378206,6.982118953,6.631723626,1.401495545
73.32863652,21.18055181,6.877652199,5.935088613,1.499588524
52.03318757,18.14298819,9.933420987,3.017077801,1.45462577
68.41669881,20.05388634,9.369389982,4.538354273,1.296781982
65.21631957,20.95361128,9.043038731,5.550600107,1.64049421
51.04892632,18.64676314,7.565557596,6.506901482,1.269881835
54.41791367,20.08972462,8.168747572,5.422902687,1.323306927
76.24104467,28.41137358,8.547240506,4.814089579,0.726248471
58.56236567,29.95801443,6.724091271,5.187834977,1.414877777
68.87567522,26.51391242,7.388375343,5.467076626,1.791951834
70.903347,21.64192864,7.749577493,5.70578065,0.809134355
65.43031879,22.56041367,8.575484178,6.814811311,0.588652663
55.52591927,29.483205,7.841903094,5.008039605,1.695467267
53.82160044,22.68858311,6.581747074,3.055802098,1.229661001
60.37146835,28.62051344,9.023679996,4.059685515,1.257556564
62.96805532,26.15270635,7.457813344,3.721656749,0.994155614
57.9445931,24.88613884,6.525244193,3.002118764,1.341440299
56.80382813,26.19313585,6.604125916,4.340163301,1.974464703
78.31885496,28.97089145,9.917943664,6.658402731,1.48234697
58.44958404,19.28902904,9.122505405,4.151018577,1.923456558
58.36893954,24.05377256,8.354991668,6.608555644,1.814733598
55.87398535,28.35174494,8.368333993,6.729949168,0.827627199
61.66435368,27.87368818,7.977850355,5.545916769,1.052464986
53.53571278,26.74724756,8.164441998,5.581126556,1.282447029
54.54817217,21.74069087,7.587738737,4.659949836,0.587310373
72.95898437,18.40698849,8.450980995,5.623502738,1.580138123
70.45551454,29.07396676,7.634956116,3.967683028,0.750809338
67.43622857,23.84640997,7.609979629,3.925205311,1.372198893
69.09641541,28.60502832,9.896102157,6.680820386,1.208254491
71.2331282,28.95943431,8.934559729,4.076966301,0.654788399
69.66646065,26.5901008,7.548640851,3.371923477,1.738305657
74.0374346,26.89763215,6.214522915,3.129283861,0.745489729
59.74020268,26.50547762,6.728127605,6.80352342,1.309201939
79.55830587,28.21118072,8.629144922,5.992519573,0.867899534
61.03079394,24.00418267,9.348842611,6.932937596,1.741784759
61.51429389,18.22844132,9.87216688,5.498942194,1.934699161
58.5278511,28.2904879,6.13428572,3.524757614,1.993362656
58.07289842,23.67087611,9.18316978,6.062077254,1.52396301
78.24603139,26.10324199,8.819790205,6.572282427,0.938547641
56.37618284,29.68564066,6.263371053,6.971258844,1.25036488
78.18921161,20.770498,6.774032379,5.542799508,0.799057339
70.52868739,21.07463315,8.861671447,6.25096725,1.742405335
58.71290939,23.99752714,9.073975287,5.578448054,0.687260728
72.52327711,21.03530587,7.003403651,6.292094452,0.574173011
72.70895149,20.47009959,7.3455677,3.542001709,0.86900451
56.82094331,28.27251764,6.128147012,5.856180515,1.018273151
66.70140909,22.29263092,9.270397865,5.32673835,1.721768217
73.69448504,22.62572358,9.503006976,3.69996955,0.660300602
50.31159605,24.52486501,9.441354821,4.485386705,0.886541079
70.37253035,28.52945731,7.261798532,5.511921253,1.512466424
51.9674204,18.81173808,8.945020247,3.994110074,0.505142163
65.74917189,19.66606714,8.114468293,4.793685535,1.770834103
71.57654337,29.00296544,9.412762092,5.043040469,1.868899296
67.86211546,24.84308497,9.484217332,4.35706154,1.658280668
66.48858019,20.6895122,9.11616395,3.356979335,0.551206157
54.93997333,20.39274533,9.446855771,3.534043832,1.919845325
57.11060368,29.74457011,9.060674525,4.691124949,0.600837714
77.46611478,27.5725279,7.296709307,5.993654531,1.450115222
50.91291816,21.39859298,6.092437205,6.566733857,0.908422221
53.26537093,20.58485316,9.035337867,4.420375579,1.278078448
73.29535047,19.97644462,9.081502115,6.874510492,1.462527311
50.38336618,20.03673796,8.369321357,5.562136882,1.411210194
55.0314669,25.83567744,8.171033123,3.824082094,1.371824883
68.10727444,20.57380513,7.834893856,5.656804747,0.507175915
61.86143543,21.85376649,9.962059876,5.717054607,1.426574727
73.26115425,24.28750788,6.481554548,4.769269996,1.487339
60.9182107,27.43762637,7.847073819,6.185277983,1.283156345
75.92647968,25.28464613,7.402108481,3.511924202,1.973842425
61.16519314,27.42424306,8.534321735,6.342301655,1.564140253
78.44210246,21.28862248,7.646731424,5.211159163,0.556674602
78.69054535,24.89094206,8.766994957,5.097645257,0.694522358
73.64013938,27.41691289,9.525562576,4.036665958,1.000889137
70.98908576,21.71726657,7.911369466,6.91372649,1.547626721
56.49603197,19.35006098,9.21631525,5.867417553,0.935019942
78.85271512,26.3614777,7.109891443,5.734441128,1.669473845
61.00978598,20.97526893,7.023796496,6.395850858,1.173104256
51.0074413,19.00992304,7.496338301,4.641610351,1.987841917
70.39407845,27.02170439,8.162332665,5.16635672,1.353113866
71.90320142,22.97574567,7.958935443,4.010628239,1.219213748
54.33279312,22.79471846,8.305749344,6.88592639,1.977444306
61.41119501,24.65578936,8.797225659,4.446436486,1.479135306
56.97170799,24.00404914,6.507175079,4.419510035,0.795811095
79.4087534,28.57382898,8.774470155,3.684053869,0.945437566
52.84020726,23.01182831,6.828975798,6.942321597,1.433386022
75.90065024,26.81493909,9.999252733,5.390569042,1.056051028
76.79366119,28.36183679,9.675021577,5.886871439,0.581138564
51.79716352,29.18294826,8.326759681,4.758778772,0.728040931
76.96500022,25.81134137,9.742227944,6.093243218,1.947443623
79.14818017,20.6326986,6.1719996,6.678654895,1.11813815
71.06762024,25.10471786,6.435173076,6.191218038,1.99801044
76.38556532,21.26665323,6.535905174,6.128389478,1.995666104
75.47099377,25.27655851,8.417872815,6.957334424,1.486114809
69.01217183,29.83166284,6.769544701,4.07656788,0.74316041
79.34325796,18.78824348,6.183135249,5.234575142,1.305590466
79.89261275,21.59667719,9.583288096,4.163357494,1.814887962
60.83320427,28.23533606,6.585196635,5.685402083,1.094194272
53.33612115,28.97314493,8.217546378,5.294318045,0.820797991
52.04725641,21.48993219,7.570151236,6.334869544,0.781995133
58.04854121,23.08868472,7.343175216,4.052171795,1.820209983
53.9357695,19.17876361,9.7971958,3.490155953,1.205585935
68.81905638,27.22897393,7.603148008,3.299448774,0.640909674
66.84689974,19.75558167,7.753115321,3.469142547,1.485431441
52.36082208,23.55656297,6.890038343,3.792171684,0.636116919
75.04753674,24.10706738,6.390130328,4.726647706,1.963590992
79.26049173,25.81977096,6.4286774,6.976232018,1.195542984
76.40530915,26.79219257,8.010428644,6.259704291,1.115327888
59.95911946,24.73142248,8.290580733,3.433004539,1.560110785
51.69453555,19.19110218,6.290576727,5.250553263,1.574717098
56.27097393,20.5005776,9.30753864,6.544849398,1.87255589
68.78405333,20.34055371,9.14266685,4.854434761,1.133893959
65.90634942,28.69552086,7.199835079,6.82031923,1.777102496
75.58326988,24.23481514,7.982481674,4.283399028,1.78261411
56.67392985,19.99307174,8.308376778,6.843477298,1.192653151
52.92462116,26.72938443,8.666868209,6.312526265,0.558650354
70.50723707,25.93602593,8.811731066,6.90149726,1.713822793
61.18786293,22.82103154,9.090047948,5.230341849,1.7525712
74.20630276,26.0693415,9.565757769,6.62316465,0.970389556
64.41763543,24.98906659,9.084243328,3.654126647,1.321475558
70.74773569,22.03237356,9.075646773,4.179054443,1.307321985
67.80158454,22.26475034,7.358524012,3.792235205,1.829031457
72.22782411,27.0869907,6.533054607,6.614573971,1.104418818
64.61150533,26.10136236,7.464749538,6.292816956,1.95790841
79.59001167,24.56945759,9.101077484,6.433252908,1.372644078
69.71208196,26.83753025,7.170010335,4.177251223,1.201447058
55.25586649,25.74589019,9.568670194,6.68756949,1.758291665
58.49977884,18.45328423,9.604115302,5.670895129,0.959591564
69.94974654,26.28396372,8.331578287,4.977034725,0.907809937
60.82436489,26.16449238,9.944356746,6.07210674,1.188468671
72.34535474,19.8408901,7.423981164,3.624450587,1.290970826
53.37186164,25.51288554,7.346261513,4.879840248,1.833691712
59.17874226,21.00041601,9.067809182,5.598011302,1.970981066
53.42684713,27.28156911,6.755580405,5.856883929,1.851953107
54.14149939,28.25412551,8.711489509,5.874921737,1.739596209
60.39057573,28.32291382,8.625517515,3.042128091,0.7957191
77.70445337,22.22726467,8.057358787,4.672026771,1.473030796
53.20099442,18.9589484,7.018316567,4.849524159,1.747688747
78.43811935,29.28187541,6.328422363,6.331822739,0.682020337
59.65624342,19.39089449,6.450964743,5.447918907,1.807715561
69.07314201,18.31289026,9.516225934,6.300949231,1.114292865
50.99854217,22.28427107,8.271401986,6.022817132,1.081998935
70.41044532,29.44299429,7.832811586,3.981867246,0.812086577
68.84541104,21.22755572,7.635098064,6.541079049,1.324958922
50.79342786,23.75255438,6.057481265,6.732951272,0.738594961
68.21903102,19.68517539,9.202696051,5.044669138,0.560825302
78.21299317,23.30517788,7.86539502,4.952613494,1.794917931
67.82671329,26.1059593,8.00285305,4.120045949,1.882844224
54.13026129,25.31898882,8.629578633,4.673943481,0.786166253
66.65405132,20.9078251,7.160621823,3.111581333,0.901446642
77.71549385,18.41061522,9.83678229,5.229393069,0.887250224
62.91616477,28.02589988,6.123864821,5.901350665,1.89337635
69.1786431,28.81744309,6.650815923,6.246306979,1.564200409
69.42945673,20.51895502,9.579232889,3.304687652,1.67896607
65.58922105,24.89967533,7.570900462,4.122783275,0.767170925
74.69216938,28.16058923,6.976479037,6.609213825,1.890974797
51.68845553,26.55297447,8.312232615,4.023621652,0.850208714
51.45767987,18.17574592,7.353536081,4.791021553,1.644403128
53.9710863,23.06026822,8.702408885,4.784615884,1.311835349
55.59288395,24.98432686,8.038792256,6.233322422,1.59246372
60.4958736,24.0634238,6.038978514,5.940716441,0.85837646
77.76933645,27.50279293,6.608275516,4.137199835,1.531952093
77.57422424,20.56701693,8.914586409,4.271094463,0.913084207
58.16560798,21.31673911,7.563211089,3.262897816,1.532702593
61.67316066,23.39162587,9.004237926,6.437483618,1.977412876
79.73814181,25.97422997,6.411589628,3.527649731,1.124020542
76.88438639,28.63145605,7.704263466,5.967006641,1.128453074
57.88496551,19.23748126,6.060718311,6.577316267,1.446445095
52.0123006,29.0588077,8.999222701,3.498579969,1.704016239
63.35827621,20.64082419,6.474905499,3.596978127,1.41957332
62.81192575,22.58359368,9.009100795,3.391593506,1.865212628
79.56194811,28.17672463,6.842144213,3.582974958,0.63212168
79.81331289,25.26661811,9.251323721,6.154659121,0.541704837
53.18929829,22.58576396,7.95124244,4.049506807,1.428029227
71.59564436,27.39626529,6.563097887,6.537917551,1.494826222
66.45153047,29.72753088,7.416817921,5.269160499,0.681027774
67.58643925,23.11049699,8.938357738,6.043884844,1.238150662
61.62446688,22.29173169,7.405498923,4.707711999,1.079125948
56.93466995,21.52787598,9.723933964,4.048571297,1.798217106
58.93880359,29.52686107,6.59502857,3.892601466,1.090776907
56.06361953,20.64768561,9.796119986,3.365111668,1.451241817
57.92321048,18.89769184,6.378826577,3.543417168,1.635359058
52.67940767,27.85589659,8.275053326,4.023604624,1.266467891
68.42705155,20.08354223,6.196968603,5.338780403,1.929581539
78.32743046,27.57597739,6.742759289,6.549023791,1.244429692
74.15669394,27.09762924,9.146631754,5.872165092,1.94591172
51.89230146,25.1874645,6.270393319,3.744864596,1.525733107
65.12995756,20.99381535,6.904129293,3.823519527,1.669550094
72.83566139,24.98654209,9.021924975,4.442402014,1.60592618
51.22408217,28.53741069,8.066780249,6.400876107,1.989906192
56.77111884,23.16639517,6.510886205,3.002193253,0.658732689
72.83264077,19.66489376,9.344139927,6.327905106,0.864644313
70.00809946,29.54738297,7.660941531,4.160894022,1.442691489
66.32195778,29.53450189,9.030221604,4.002567458,0.973871733
65.76665464,20.1098178,9.614446509,5.063330671,1.760186217
59.6037415,22.09487044,9.796017262,5.064573377,1.521320711
78.32175234,23.11404827,9.830613772,3.232599853,0.632781377
58.9548996,18.2237263,8.786857399,4.529018963,1.93123795
75.29405118,29.6264391,6.966970889,4.131173004,1.89813282
77.56147269,25.56705817,6.626240295,6.592740677,1.705971125
56.10815648,28.66018722,7.625878859,3.158114498,0.972039793
77.9116644,29.77753389,8.147339593,4.043091552,0.635802607
58.01863519,29.92342835,8.241757922,3.69530749,1.235817444
69.28599137,19.3013962,6.653896926,3.424590368,1.547182362
68.42852054,24.16951338,7.718389267,3.758524312,0.688215915
70.97170489,20.08667827,7.05793223,3.458047659,0.575027883
72.44019768,20.38225274,7.150482981,5.436047902,0.87900463
74.49847937,19.31211365,6.224841311,3.768740221,1.118423939
58.8483433,23.37411472,6.348263925,5.629168302,0.750041906
64.89261325,24.82504103,9.487535997,6.224880926,1.336342061
70.03593022,22.47878256,7.679886508,5.698551652,1.472966062
58.19266557,19.45227499,6.310151069,3.247754158,1.632027567
61.9912785,26.85116545,6.869630401,5.906984559,0.748248061
78.07559651,28.8615147,6.538663263,5.584397827,1.576724782
72.02014912,18.96456493,6.854951723,3.821005705,1.001442812
72.71948918,21.05183227,6.278931014,6.625098757,1.382737228
75.67165592,26.43158793,9.888541787,4.286567817,1.468324979
74.85872801,25.87114117,7.676428234,4.012612833,0.682247366
63.90449551,26.5985822,9.242928204,5.854683599,1.432522933
69.0241561,18.27416563,9.969319495,6.842091609,1.284383544
72.5452752,28.77542485,7.752062183,3.249303329,1.177092748
67.44935513,24.52727434,8.119256248,5.784931724,1.344896275
57.31236594,21.59172612,9.876525976,5.696553418,0.511679746
77.22804348,19.03642495,8.192534009,3.34399932,1.482578391
66.65825655,24.7335963,6.570406057,3.065175288,0.85519274
61.26240544,26.98476744,7.542344486,5.928235804,0.780907731
58.53536501,27.66103347,8.63312908,4.364599141,1.751669022
59.18761066,18.78199915,7.769712147,3.06882358,1.212070979
60.84414434,26.9463486,8.199269948,4.749283409,0.513729134
64.2942881,24.4969819,6.180252837,5.487070866,1.601861749
62.97758734,25.2701462,9.218217573,3.349741611,0.583164102
79.27396174,24.8565292,6.176889163,4.695708921,1.509109075
76.92298122,25.1406072,9.487854818,3.881469742,1.499147519
67.53926784,18.2485515,8.948067776,3.7928827,1.453409903
78.36870682,27.59725061,8.157306561,5.154439836,1.017326623
59.96906615,21.33661181,6.739474816,5.249070773,0.971883649
68.45274206,22.07837939,7.3943857,5.849828732,1.269685397
72.35976661,24.82455085,8.701405994,4.180334656,1.658071383
57.29616607,20.00854958,9.461534667,5.95247769,1.018487507
72.98363089,27.78901552,7.627643702,4.484065756,1.627075936
60.78695011,27.01941797,7.853781403,5.291600021,1.940474295
75.14082026,25.96436448,8.998094868,5.17241981,1.203567765
74.49779873,26.6968966,9.30395912,6.760874211,1.759767284
79.21802739,20.65379881,6.504170751,5.472844183,0.923299372
50.50598141,18.82938835,9.715327845,4.780536406,0.667538514
53.37092536,28.37949661,8.627725027,5.465253877,1.244145805
78.35197526,20.31450442,6.515439052,3.357572995,1.346541319
58.48890425,27.92069031,8.311139623,3.740443751,1.709604949
52.23398172,21.40625738,6.266109738,6.020639374,1.841403212
54.19416356,18.40551973,6.781340578,5.991567252,1.43126485
58.41871461,22.90273145,6.924351722,3.934443367,0.731414405
62.70911224,29.28230623,9.865018987,4.926102541,1.718824543
72.42778128,18.67682333,6.027574445,5.227764385,1.150261159
75.08865414,21.43692077,7.970443634,3.543120763,1.886214594
60.64500937,21.76480161,8.869111973,4.314780345,0.661391331
51.75671278,27.06573491,7.570118026,5.034622354,0.73497508
60.27067326,29.01553376,9.504512926,5.914987291,1.791973454
73.04513691,24.88039248,9.299220974,6.833115354,1.839635677
52.75940513,21.49965683,8.639305337,4.623001823,1.250598655
59.64044699,27.27360299,8.292326205,6.488268573,1.487954424
65.02093986,20.3342731,7.884124498,4.296214653,1.250011794
70.83325823,22.45647238,8.211734864,6.537376295,0.950360137
67.763047,22.68847968,6.018928073,6.211289608,0.924833117
77.18984595,29.58425058,6.329374557,3.862605099,1.812267573
62.10921981,25.62144374,7.069462479,3.527321835,1.981130955
67.70697305,22.05512741,9.520951082,3.549286474,0.679735203
53.54543154,25.92841617,9.878673005,5.793448247,1.520749073
66.92430233,19.33007698,7.623654166,6.319054328,1.276332658
56.70913956,21.69165433,7.190780704,3.922607561,1.78733687
63.70165928,27.80245067,6.79044374,6.548981993,1.066685891
55.24347043,24.41042775,7.551918111,4.210770561,1.196854667
58.65321276,21.49361432,9.63540896,3.555997872,1.595710375
72.75676842,23.45573768,9.397616501,5.601352925,1.523296782
61.75731242,25.96589935,7.081769965,4.432907824,1.917561013
52.79769997,29.85910994,7.113980459,4.486134304,1.784763552
73.49421269,20.87857981,8.091141172,5.615153952,1.235893254
78.05336043,19.56335689,8.99608779,3.764609275,1.520099649
79.27213281,20.9812796,8.952436037,3.129510368,0.856826852
51.65947268,29.85933528,9.245660897,4.825213623,1.906181864
65.73989182,24.49306654,6.595514388,4.264362419,1.969898823
60.44829854,28.63532473,8.063965482,5.867433519,0.965574061
66.08048247,23.04167377,6.072646852,5.540267247,1.796943338
60.78373631,29.51553947,6.695200568,5.19989641,1.35775162
50.60649522,20.49319933,6.433138065,5.964960123,0.983807257
75.81752209,18.9891572,8.832443053,6.569932068,1.529361897
54.91951324,24.46712605,7.140833923,3.575215691,0.954417244
71.94321659,23.19495739,9.120292059,4.265079625,1.009314837
61.52717498,25.16897109,8.522861103,3.344444524,1.281132071
58.00649661,20.31845186,9.227114469,3.408308401,0.872125355
68.59628894,18.63205975,9.328337974,4.90952862,1.032671054
61.93344175,24.68964349,7.186753935,4.645462065,1.785174228
79.91564902,21.64351575,7.148711417,5.52437693,1.601527598
54.47032898,28.68703355,9.351019044,5.129681547,0.906836904
51.25731671,28.89185647,6.786619843,6.473582292,1.37942218
66.70720479,21.30365646,8.182656778,4.206620143,1.9558815
74.18868933,29.34806257,7.904434087,4.700960913,1.189451612
55.42512521,19.73341978,9.29807093,5.721171101,0.782584613
57.40890615,23.1419684,6.326076347,4.577636767,0.788880292
77.29087334,18.05556762,6.403852213,4.651321695,1.543580421
52.97098884,21.47188241,6.651812939,4.517875845,1.027391248
72.63612776,26.46339256,8.905545044,3.120958253,1.478678675
69.18553587,20.98643986,8.621887018,4.713591137,0.562646343
63.13199659,19.62157472,9.571717953,4.887089041,0.862876717
66.36817494,28.65614586,7.512835502,3.008316557,0.620546842
78.95834109,28.57647231,6.119315052,4.663347623,1.584932732
67.1844686,20.88255088,6.823932016,6.239462419,0.717176152
52.24651638,27.05271288,7.921321751,4.240369632,1.203252512
65.77100735,26.18267152,6.267580995,4.55420839,1.954935521
63.82857296,25.0966565,9.21897208,6.043824622,0.881771048
59.97121891,22.2700547,8.613707226,3.143660293,1.458125874
67.1990241,24.7352982,6.466326868,4.986959729,1.607106439
53.55541321,27.8895087,6.852705723,5.858485848,0.761071728
60.44850635,23.31349843,9.145039178,3.12938537,1.178774748
68.273752,27.04315359,8.550373644,5.044145314,1.222490301
68.21450325,20.4532725,8.251702474,3.498546765,1.913133908
56.2564472,24.03877569,7.962938257,6.116472918,1.55647841
53.25854061,27.82177133,7.382637606,3.083823953,1.131859866
67.60044492,18.01554521,9.504541472,5.749268019,0.94812131
61.59751588,25.00164021,9.012334731,3.629557732,1.788528767
54.78321157,21.20186771,8.056522884,5.457329694,0.822114306
72.56876597,29.71000164,6.393659511,5.645586761,1.719106526
73.17369339,20.53472322,6.420061351,6.666761658,1.020455272
59.30534522,28.78951249,7.753445137,6.539812368,0.938348647
74.98050368,22.5700638,6.735981645,5.839222251,0.672606509
62.778762,21.58850107,7.460623301,3.17685233,0.756946029
56.10540935,27.83223809,9.979807967,3.872169411,0.849147994
75.95760539,28.01246067,9.656825616,6.503773196,1.712632301
60.28790564,23.73786338,7.693478589,6.431315932,1.557225642
76.41855095,28.95615901,9.97499622,5.515964074,0.529798601
61.40982765,22.34339418,9.324546058,6.326729851,0.680272102
75.37813067,21.88384516,6.849225808,4.33366737,1.799161414
79.89333931,24.62013221,8.516886929,3.57567018,1.085984648
62.16349397,26.32461437,7.712114913,4.715061075,1.577970931
51.26823336,28.56127678,9.944019419,5.335836931,1.6399407
65.09199143,27.93864633,9.547080644,6.33314936,1.177908746
60.3617623,19.9104212,6.367959513,4.435793221,1.787757423
79.09414432,29.27992065,9.934705948,4.259074137,1.384598272
79.50134615,28.19393265,7.538024199,5.472343941,1.073460054
79.87850803,29.48716588,6.282577609,3.378697629,1.019070973
60.922055,27.0771207,8.447242453,4.418417876,0.649994667
70.01602289,24.77601926,7.754808311,4.573944361,0.836292525
79.25624348,22.69939775,6.675407687,6.111136212,1.108995941
69.93782362,27.7289292,6.765304795,5.974789767,0.770648619
55.32290948,19.16717355,7.573096091,3.067989701,1.206918696
71.75202415,28.95859977,9.74215166,5.997106484,1.388988161
75.51635672,21.10761556,9.21957558,6.972772414,0.623577285
56.06915416,19.88540897,9.754695533,3.722623106,1.494351204
78.70529447,25.31550075,6.374665017,5.693570329,0.507724399
72.86441145,25.18007653,9.338519747,4.398135448,1.425658198
75.88282207,29.63899517,7.15089734,4.091996894,1.359454722
75.68115776,29.99237568,8.104002978,6.519728587,0.844026367
64.27736223,21.78332777,7.389927207,5.636004403,1.011918356
63.74208334,21.57964187,6.959288553,3.520250217,1.207837879
66.68786892,18.89913418,7.84973775,5.957058807,0.785396232
55.82002896,19.86578829,6.58214141,3.881564093,0.894135525
52.02055325,24.56056994,7.379784569,4.891341655,1.769254073
77.98636002,18.8785184,8.485510173,3.336051635,1.286962212
59.37765112,18.16376838,9.30989794,6.792011894,0.846068483
50.9922363,20.46341081,6.169874388,3.264399999,1.598119783
71.14090206,26.89430489,7.742936774,4.477709993,1.733536092
76.28467938,25.53937306,6.494958223,3.39633055,1.984181164
51.75011899,24.63172578,9.702670189,3.544538811,1.253393475
59.92528864,22.97320286,9.587703375,4.543297983,1.443305606
64.82415094,20.73698545,8.588399632,3.142143852,1.063863655
62.7875898,25.40664395,8.43635535,5.113987907,1.59309844
78.0015004,19.77566514,7.290311369,6.841619958,1.120620888
61.18409706,19.06747198,6.105032818,3.309484191,0.80309314
53.21666546,21.92138792,7.7502173,3.332017527,1.26283334
65.77249019,22.23215776,7.232802788,3.557500477,0.54597685
77.13976769,21.34840485,8.847136666,4.555698024,1.010568639
63.35799403,23.07431408,9.996322954,6.047347315,1.88921726
57.38142167,23.73964406,9.606186718,3.748741955,0.810805321
63.48456034,23.74032276,9.206162472,6.40790178,1.825926954
73.85461271,23.61588753,6.769220277,3.822229086,1.180152852
72.38864757,27.07100092,9.414895089,3.509528284,1.729276837
60.22044103,29.65163864,9.998446051,3.509679683,1.856172775
74.01781132,27.83055878,8.238663678,6.723141979,1.068752645
72.06782313,18.02153647,7.076890023,4.493496458,1.639369654
69.75515918,27.37905575,6.415309866,6.256766807,1.34042067
70.5565729,19.35162528,8.735608431,3.903487283,1.565140911
66.88357094,18.17509066,8.359343517,4.698554703,1.878438472
65.99676427,23.00575066,9.632119024,4.458122852,1.638699764
65.510455,23.51254025,7.19483858,5.266695716,1.979698136
70.54104955,27.29150923,9.462773796,6.998305913,0.896778658
76.40542902,19.39804084,8.033384072,3.778138353,1.043784425
66.20971386,27.42120189,7.044432079,5.1818874,0.684007882
50.96238854,29.62041033,8.464726289,4.639050849,1.829146855
70.70645519,29.10082618,9.046914331,6.076287019,1.514220337
71.31510315,28.72479976,8.741797283,5.747147754,1.093527971
57.8526683,24.83889454,7.723820151,3.270420457,1.625266569
64.97740574,25.64324488,8.284006791,3.132016697,1.899981852
58.73585585,28.79783412,8.984138679,4.186685931,1.198193062
67.73888898,18.27259442,7.376717704,3.147090851,0.876915379
50.82295981,29.44773003,7.237791483,6.156191235,1.846779495
62.9966322,23.82683638,6.27756629,6.927480476,1.513259975
62.81678112,26.27700162,8.254922211,6.798642771,0.774888048
55.03987221,20.64852155,8.398354885,4.251544862,1.559819746
50.0560505,25.31763323,8.835964987,6.186492082,1.630217509
59.94922442,20.01473405,8.131464119,4.639858705,1.881688993
65.02791081,24.23114532,7.440461533,3.700957511,1.369464496
68.74156041,19.84693998,6.911763054,4.347121619,0.829601154
74.6520866,21.45686877,6.023223668,6.173162898,0.984970958
62.20890118,23.88566248,7.54457234,6.307044945,1.320638691
68.78220694,21.72273898,7.698743058,5.037997687,1.466063607
52.07578856,25.13789989,7.643273914,3.996149845,1.342742072
70.4615568,29.3842716,6.112416955,3.090690042,1.115264897
64.36667696,25.80596722,7.207000377,3.957642165,1.118892276
77.3617008,26.97537787,8.567715019,4.609544737,0.971210087
54.67051679,22.33212304,9.901753324,6.774072755,0.571781714
76.39188377,26.85392646,9.915813655,4.0105483,0.658599213
62.27209176,20.68624385,7.254206987,5.605191367,0.722495746
52.17869054,28.0402899,7.817269539,3.717806619,1.851939846
76.42004631,19.34784663,9.879188132,3.540337374,0.775717389
62.53029121,24.5162163,8.373822954,4.205926262,1.828962137
50.51076202,29.888703,9.144057794,6.481012836,0.685916489
54.81657497,19.4084678,7.648549248,3.869924767,1.218961724
78.06122351,19.080749,7.406820267,4.732385455,1.606985844
78.5792047,19.64248035,6.672442711,5.869975157,0.648360493
50.4640971,21.8565109,8.908498934,6.329079446,0.582969522
77.50169215,24.79180923,7.777445362,3.920361791,1.877215862
50.42523584,18.47999121,7.833959489,3.519776864,1.289755726
75.0141942,21.63773095,6.29679458,3.025532307,0.549438751
50.25542665,20.19359824,8.075508375,6.520794596,0.746510208
77.52466254,18.13515258,8.619038602,4.745294434,0.784498364
67.50041142,19.21451459,6.016363407,6.305154322,1.533942439
77.32984848,29.43234776,8.938648349,3.419707105,1.610473155
71.76624463,19.39409973,6.016931585,3.420127806,1.791648269
70.50352523,27.0207074,9.264066675,5.184799973,0.783909984
70.12467988,28.04128911,6.844398463,6.967431326,1.177686126
50.18696157,19.03281696,9.765839617,3.349187037,0.810078845
59.0277489,22.68540691,6.166654587,4.079781828,1.891987343
58.72076913,19.70212073,9.665832473,5.425516004,1.608508311
74.53027588,18.92464089,8.261481043,4.885592136,0.628127247
76.44727096,20.8896209,7.038872749,5.029002821,1.358233943
79.70253766,23.32082519,9.135578234,5.873633803,1.166549935
53.18911572,29.79981677,6.009452069,4.790856538,1.114009936
68.4600039,19.25479684,9.712109691,3.35411642,0.936161102
73.24107418,29.15718866,9.489407378,5.874007443,1.737839893
50.52532297,29.84975438,8.608587324,3.890950462,1.719351332
65.5227711,23.61465636,7.525462754,6.39741786,0.691414743
65.12785924,22.95845274,7.087865574,6.273105406,1.48417753
74.44658889,20.3511799,7.021270832,3.93285328,1.181957875
59.22299833,25.10333357,9.992505335,6.707831718,1.42921702
67.26598412,28.64367828,8.341743328,3.428574872,1.917718957
73.88462087,26.40250382,7.179085156,5.111762995,1.758939384
64.10843093,18.09052842,7.710149242,5.187162744,1.748139699
77.18195677,20.25388533,7.382159221,6.868672752,0.620453569
65.21331296,28.2040572,6.109896112,5.649481169,0.919038692
52.84528762,29.27290928,7.931113857,3.905592429,0.982193432
54.48188421,21.95618263,7.108167899,6.922504409,1.68259938
50.55751913,25.51605904,9.80408483,3.077312475,0.693205615
65.9676192,29.33334494,9.520934008,3.963443122,1.248836754
56.8079169,24.572633,6.279202186,6.732856937,0.638561708
72.00424057,27.35221005,9.829381391,5.148044048,1.566262622
65.05191591,25.03098843,9.304713822,4.642606521,1.171789961
67.55667157,25.46055252,6.628671542,3.715473409,1.977244625
68.96194954,24.68489476,9.569246352,3.704299469,1.077084892
68.65297382,19.33500641,6.928949395,5.319404413,1.857453164
71.0749681,24.846448,6.10721894,5.263437855,0.657209481
68.09823701,19.8263092,7.215240069,6.378380167,1.028995746
76.23664818,24.15119675,6.69601668,6.165577267,0.563877777
50.35836692,19.04783835,7.071850455,3.306198387,0.52457494
74.9745072,29.26400824,8.940865228,6.704828038,0.584827699
58.29560557,22.94198034,7.752554589,6.777279296,1.074472965
57.1591356,24.79855285,9.115248542,6.760177846,1.540308004
74.66789011,25.04745921,9.97545969,3.154462154,0.684729782
55.89798307,24.81519761,6.424454286,3.439989461,1.445427456
60.15289597,26.80793309,9.296727382,4.034448718,1.344676896
71.57479452,28.71558135,9.833464654,3.544540024,0.741011067
60.95184933,28.99171795,9.093931911,6.244010277,1.72505817
76.22181893,18.08589936,8.502868577,4.507480761,1.893851818
51.65155306,19.12312452,9.79413236,3.861133396,1.526114812
70.70754293,22.26112001,9.21018952,6.335369462,1.349552396
69.8621417,26.24796472,9.961945394,5.749708227,1.477347406
50.204649,20.33561253,6.20255046,6.944270439,0.587212133
70.24538242,20.11970948,8.283889589,5.477541929,1.361881407
72.33664634,18.38145318,8.132112229,5.870441059,1.534427378
79.07603458,21.7396925,6.194405241,3.989385678,0.745762364
66.72536874,20.10638874,8.422374422,3.957662283,0.834931089
